title,description,category,score,sentiment,keywords
AI Health Assistant,"An AI-powered virtual health assistant that provides personalized health recommendations based on medical history, lifestyle data, and real-time health monitoring through wearable devices.",HealthTech,8.7,positive,"ai,health,wearable,monitoring,personalized"
Blockchain Supply Chain,"A blockchain-based supply chain tracking platform that ensures transparency and traceability from manufacturer to end consumer for food and pharmaceutical products.",FinTech,7.9,positive,"blockchain,supply-chain,transparency,tracking,food"
EdTech Gamification,"A gamified learning platform for K-12 students that uses adaptive AI to personalize lesson plans and makes learning engaging through game mechanics and virtual rewards.",EdTech,8.2,positive,"education,gamification,adaptive,learning,students"
Green Energy Marketplace,"A peer-to-peer renewable energy trading marketplace that allows homeowners with solar panels to sell excess energy directly to neighbors using smart contracts.",GreenTech,8.5,positive,"renewable,energy,marketplace,solar,peer-to-peer"
AI Legal Assistant,"An AI-driven legal assistant for small businesses that automates contract review, compliance checking, and provides basic legal guidance at a fraction of traditional legal costs.",SaaS,7.6,positive,"legal,ai,automation,contracts,compliance"
Smart Farming Platform,"An IoT and AI-based precision agriculture platform that monitors soil conditions, weather patterns, and crop health to optimize farming operations and increase yield.",AgriTech,8.1,positive,"farming,iot,precision,agriculture,soil"
Mental Health Chatbot,"A conversational AI chatbot that provides 24/7 mental health support, guided meditation, cognitive behavioral therapy exercises, and crisis intervention resources.",HealthTech,7.8,positive,"mental-health,chatbot,therapy,meditation,support"
Sustainable Fashion,"An AI-powered sustainable fashion marketplace that connects eco-conscious consumers with ethical brands, provides carbon footprint tracking for each purchase.",E-Commerce,7.3,positive,"fashion,sustainable,eco,marketplace,ethical"
Fintech for Gig Workers,"A financial platform designed specifically for gig economy workers offering instant payments, tax optimization, insurance solutions, and retirement planning tools.",FinTech,8.0,positive,"gig-economy,fintech,payments,insurance,taxes"
Remote Team Collaboration,"An immersive virtual workspace platform using spatial audio and 3D environments that makes remote team collaboration feel as natural as in-person meetings.",SaaS,7.5,positive,"remote,collaboration,virtual,spatial-audio,workspace"
AI-Powered Recruitment,"An intelligent hiring platform that uses AI to screen resumes, conduct initial video interviews, assess cultural fit, and reduce unconscious bias in the recruitment process.",AI/ML,8.3,positive,"recruitment,ai,hiring,bias-reduction,screening"
PropTech Valuation,"A real-time property valuation platform using ML models trained on satellite imagery, market trends, neighborhood data, and economic indicators for accurate property assessments.",PropTech,7.7,positive,"property,valuation,ml,real-estate,satellite"
Food Delivery Optimization,"An AI-driven food delivery logistics platform that optimizes routes, predicts demand, reduces food waste, and minimizes delivery times using reinforcement learning.",FoodTech,7.4,neutral,"food-delivery,logistics,optimization,ai,routes"
Cybersecurity for SMBs,"A simplified yet comprehensive cybersecurity-as-a-service platform designed specifically for small and medium businesses with limited IT resources.",SaaS,8.6,positive,"cybersecurity,smb,security,protection,cloud"
Personal Finance AI,"An AI financial advisor app that analyzes spending patterns, creates personalized budgets, recommends investment strategies, and helps users achieve their financial goals.",FinTech,8.4,positive,"finance,ai,budgeting,investment,personal"
EV Charging Network,"A smart EV charging station network with dynamic pricing, reservation system, and integration with renewable energy sources for sustainable electric vehicle infrastructure.",GreenTech,7.9,positive,"ev,charging,electric,renewable,infrastructure"
Language Learning VR,"A virtual reality language learning platform that immerses users in realistic scenarios — ordering food in Paris, negotiating in Tokyo — with real-time pronunciation feedback.",EdTech,7.2,positive,"language,vr,learning,immersive,pronunciation"
Healthcare Data Platform,"A HIPAA-compliant healthcare data analytics platform that helps hospitals identify trends, predict patient outcomes, and optimize resource allocation using machine learning.",HealthTech,8.8,positive,"healthcare,data,analytics,hipaa,prediction"
Social Commerce Platform,"A social media integrated shopping platform where influencers can create shoppable content, and users can purchase products without leaving their social feed.",E-Commerce,7.1,neutral,"social,commerce,influencer,shopping,content"
AI Code Review,"An AI-powered code review tool that automatically detects bugs, security vulnerabilities, performance issues, and suggests improvements following best practices.",AI/ML,8.0,positive,"code-review,ai,security,bugs,automation"
Smart City Dashboard,"A comprehensive smart city management platform that integrates IoT sensors, traffic management, public safety, and environmental monitoring into a unified dashboard.",PropTech,8.3,positive,"smart-city,iot,dashboard,traffic,monitoring"
Subscription Box AI,"An AI-powered personalized subscription box service that learns customer preferences over time and curates products with increasing accuracy each month.",E-Commerce,6.8,neutral,"subscription,ai,personalization,curation,ecommerce"
Digital Therapeutics,"A clinically validated digital therapeutics platform for chronic disease management that combines medication tracking, lifestyle coaching, and telemedicine consultations.",HealthTech,8.9,positive,"therapeutics,digital,chronic,telemedicine,health"
Warehouse Robotics,"An affordable warehouse automation solution using swarm robotics and computer vision for small to medium e-commerce businesses looking to scale their operations.",AI/ML,8.1,positive,"warehouse,robotics,automation,computer-vision,ecommerce"
Carbon Credit Trading,"A transparent carbon credit marketplace built on blockchain that allows businesses to offset their emissions by investing in verified environmental projects worldwide.",GreenTech,7.6,positive,"carbon,credits,blockchain,environment,trading"
Augmented Reality Retail,"Transform physical retail through AR try-on technology allowing customers to virtually try products before purchase, combining e-commerce convenience with in-store experience.",E-Commerce,7.9,positive,"ar,retail,try-on,shopping,experience"
Autonomous Delivery Drones,"A last-mile delivery solution using autonomous drones equipped with AI navigation for rapid delivery in urban and suburban areas, reducing delivery times to minutes.",FoodTech,8.2,positive,"drones,delivery,autonomous,ai,logistics"
Voice Commerce Platform,"A voice-first shopping platform using advanced NLP to understand customer intent, manage inventory, and process transactions entirely through voice commands.",E-Commerce,7.5,positive,"voice,commerce,nlp,shopping,ai"
Climate Risk Analytics,"Enterprise software that models climate-related financial risks and opportunities for institutions managing portfolios or supply chains using predictive models.",FinTech,8.4,positive,"climate,finance,risk,analytics,enterprise"
Personalized Nutrition AI,"An AI platform that creates personalized meal plans based on genetic testing, microbiome analysis, health metrics, and fitness goals for optimal nutritional outcomes.",HealthTech,8.5,positive,"nutrition,ai,health,personalized,diet"
Quantum-Safe Encryption,"A cybersecurity platform providing quantum-resistant encryption solutions for enterprises preparing defenses against future quantum computing threats.",AI/ML,8.6,positive,"quantum,encryption,security,cybersecurity,defense"
Biodiversity Monitoring,"An environmental tech platform using satellite imagery and AI to monitor and protect biodiversity, detecting illegal deforestation and wildlife population changes.",GreenTech,8.3,positive,"biodiversity,satellite,monitoring,environment,ai"
Micro-Credential Blockchain,"A blockchain-based credentialing system for developers and tech professionals to earn and showcase verified micro-credentials and certifications.",SaaS,7.4,positive,"blockchain,credentials,verify,developers,education"
AI-Generated Content Studio,"An enterprise platform for creating marketing content using generative AI with brand guidelines enforcement, ensuring consistency across all channels and mediums.",AI/ML,7.8,positive,"generative-ai,content,marketing,automation,branding"
Neurotech Wellness,"A wearable neurotechnology platform that monitors brain activity to optimize focus, relaxation, and sleep quality through personalized neurofeedback and recommendations.",HealthTech,8.0,positive,"neurotech,wearable,brain,wellness,monitoring"
Supply Chain Visibility,"A real-time supply chain tracking solution combining IoT sensors, blockchain, and AI to provide end-to-end product visibility and authenticity verification.",SaaS,8.1,positive,"supply-chain,iot,blockchain,tracking,visibility"
Precision Marketing Platform,"A marketing automation platform using behavioral psychology and machine learning to predict customer lifetime value and optimize acquisition costs per channel.",E-Commerce,7.7,positive,"marketing,ml,customer-lifetime-value,optimization,psychology"
Virtual Lab Simulation,"An educational platform offering immersive virtual laboratory simulations for chemistry, biology, and physics allowing students to conduct experiments safely online.",EdTech,7.6,positive,"virtual-lab,simulation,science,education,immersive"
Waste-to-Energy Tech,"An IoT and AI system for waste management facilities that optimizes sorting, recycling processes, and identifies high-value waste streams for energy recovery.",GreenTech,7.9,positive,"waste,energy,iot,recycling,optimization"
Autonomous Hotel Concierge,"An AI concierge system for hotels and resorts that handles bookings, recommendations, guest requests, and personalized experiences using conversational AI.",HealthTech,7.3,positive,"concierge,ai,hospitality,booking,automation"
Data Tokenization Platform,"A blockchain platform enabling users and organizations to tokenize their data assets and participate in ethical data trading with full transparency and control.",FinTech,7.8,positive,"blockchain,tokenization,data,marketplace,privacy"
Accessible Gaming Platform,"An adaptive gaming platform designed inclusively for people with disabilities featuring AI-powered customizable controls and accessibility features.",E-Commerce,7.2,positive,"gaming,accessibility,inclusive-design,adaptive,disability"
Spatial Computing OS,"An open-source operating system optimized for spatial computing and AR/VR applications with built-in privacy, security, and cross-device synchronization.",AI/ML,8.4,positive,"spatial-computing,ar,vr,os,privacy"
Future-Proof AI,"An AI-as-a-service platform providing continuously updated, pre-trained models for businesses, eliminating need for internal ML teams and infrastructure.",SaaS,8.3,positive,"ai,saas,ml-models,automation,enterprise"
